version,task,position_1,position_2,position_3,position_4,position_5,items
1,1,5,9,2,15,11,"5,9,2,15,11"
1,2,1,3,13,12,10,"1,3,13,12,10"
1,3,14,6,8,4,7,"14,6,8,4,7"
1,4,9,1,8,11,6,"9,1,8,11,6"
1,5,7,4,3,2,14,"7,4,3,2,14"
1,6,12,5,15,13,10,"12,5,15,13,10"
1,7,1,7,6,13,10,"1,7,6,13,10"
1,8,9,11,5,3,8,"9,11,5,3,8"
1,9,14,15,2,4,12,"14,15,2,4,12"
1,10,9,7,10,3,1,"9,7,10,3,1"
1,11,4,5,15,12,11,"4,5,15,12,11"
1,12,8,6,13,2,14,"8,6,13,2,14"
2,1,1,7,11,3,12,"1,7,11,3,12"
2,2,14,4,8,9,2,"14,4,8,9,2"
2,3,13,5,15,6,10,"13,5,15,6,10"
2,4,10,9,4,11,13,"10,9,4,11,13"
2,5,7,6,15,1,5,"7,6,15,1,5"
2,6,8,14,12,2,3,"8,14,12,2,3"
2,7,3,1,11,4,7,"3,1,11,4,7"
2,8,9,6,5,2,14,"9,6,5,2,14"
2,9,12,13,10,15,8,"12,13,10,15,8"
2,10,11,4,9,10,7,"11,4,9,10,7"
2,11,13,6,2,15,12,"13,6,2,15,12"
2,12,5,3,1,8,14,"5,3,1,8,14"
